/	MATCH	835ba1c54cc21a796684b0dedb8f998186aaf1531503fdde373291dca2ed85ff
/demo/	MATCH	03bd8fda26e6ff4dce6398e388ee6648949ac541ea5fcf7e9062ad8a565fc0c4
/privacy/	MATCH	e00901ab2af19f20a03e709a00b895515842c3de7fd1959e7cec0c530dd9f1d5
/terms/	MATCH	f98e76a61be41d045c015266cf377f07725e73da610d158274531132f873513e
/404.html	MATCH	b387e83710f7861edc8399dd85be4ebf973e42302b660f43b9ad8a3c75a9db35
/sw.js	MATCH	ee9a3baf0d8da50d46b5f43be8bd2bc1f8649f3434c0b18ac28d45fc5a93a1c9
/qa.css	MATCH	68d000c4f08b03ec12008c291b7f40958855cf8b08b0d349855b151d972631da
/assets/index-bFkg9qpJ.js	MATCH	edac292eb161e9f314258378b6d90775177b82c40cd647d274a0de384f7c331b
/assets/site-BZpv5Ti8.css	MATCH	4784ccb7cdff79507af8e2dffc17d668fcfae70aeaeadd1b8a9e704a7c57c6c6
/assets/demo-Bwym84H8.js	MATCH	94d59103f9792d3e5ab0de27ec57d7fcbe7f684e22d41f47090de2ed55eb83a2
/assets/core-DlQNAQKj.js	MATCH	4ee62df86811328a242666feb45cda054667e8b90e67afa95a0f9beccc15594d
/assets/demo-DaLJYFU-.css	MATCH	4e0ae90f2c060f2bfbbcd718c1ab01be328b6c5306e213bb52f9e8885a6639f8
/assets/hero-ledger-1536.webp	MATCH	a814c405dcfca3e2da7ec9affb5cf356c0761c47ca093c6f62ee3fe6c405fa97
